"","Jan","Feb","Mar","Apr","May","Jun","Jul","Aug","Sep","Oct","Nov","Dec"
"Superior",183.61626189569,183.57420071649,183.566507151561,183.605107749042,183.73087975627,183.826204051954,183.84715751974,183.849565322231,183.833427525433,183.852368052162,183.778982381039,183.717625529573
"Michigan",176.498086601127,176.500013271443,176.566406079638,176.687377451998,176.809186523929,176.882014050547,176.990979961798,177.001854838523,176.936224904216,176.877831057635,176.849846431773,176.796154260968
"Huron",176.475297464751,176.483611907785,176.541244408539,176.669102616436,176.781794767128,176.87274126879,176.98274126879,176.994380337128,176.916613666741,176.858329863313,176.83489747017,176.780849833612
"Erie",174.626781748876,174.60487858238,174.650149580938,174.828855654403,175.022315540634,175.124739203902,175.115682345684,175.008428581545,174.84391740666,174.71320338648,174.649629989928,174.659596200878
"Ontario",74.9841550492292,75.0539413016718,75.1209629241226,75.2684568595951,75.3334871604309,75.2679603163212,75.1656354851161,75.0350902548348,74.8367367026578,74.6954491611038,74.5984196529352,74.6220882711987
