"","Jan","Feb","Mar","Apr","May","Jun","Jul","Aug","Sep","Oct","Nov","Dec"
"Superior",183.616269300885,183.574205765487,183.566520985911,183.605118948278,183.7308573578,183.826200844381,183.847154312167,183.84956283895,183.83339804198,183.852342348638,183.778949117656,183.717612738781
"Michigan",176.498090027095,176.500009407227,176.566395273973,176.687347222669,176.809122417439,176.881931184668,176.990912420575,177.001804988277,176.936180186692,176.87779348995,176.84980317983,176.796143090856
"Huron",176.475309801984,176.483620319535,176.541261046962,176.669116085636,176.781767828729,176.872691526689,176.982691526689,176.994341827114,176.916561096805,176.858284033112,176.834838160498,176.780828523845
"Erie",174.626814930032,174.604901205896,174.650176042866,174.828877075964,175.022272697512,175.124658655364,175.115601797146,175.008366221387,174.843853682,174.713147831649,174.64955809544,174.659538887972
"Ontario",74.9842045736242,75.0539852625428,75.1209986550475,75.268489693418,75.3334939203356,75.2679545911924,75.1656301541231,75.0350933835424,74.836732956343,74.6954282533397,74.598398849846,74.6220723782138
