"","Jan","Feb","Mar","Apr","May","Jun","Jul","Aug","Sep","Oct","Nov","Dec"
"Superior",183.616269300881,183.574205765484,183.566520985912,183.605118948278,183.730857357799,183.826200844383,183.847154312169,183.849562838951,183.833398041979,183.852342348638,183.778949117655,183.717612738788
"Michigan",176.498071204614,176.499990584749,176.566372511741,176.687321931299,176.8090958615,176.881893188537,176.990887834844,177.001787107746,176.93616756314,176.877778762473,176.849796868055,176.796140581195
"Huron",176.475309801981,176.483620319532,176.541261046962,176.669116085636,176.781767828728,176.872691526693,176.982691526693,176.994341827117,176.916561096805,176.858284033112,176.834838160498,176.780828523852
"Erie",174.626814930029,174.604901205894,174.650176042867,174.828877075964,175.02227269751,175.124658655369,175.11560179715,175.00836622139,174.843853682,174.713147831648,174.64955809544,174.659538887977
"Ontario",74.9842495533538,75.054025187275,75.1210311004973,75.2685195081556,75.333500058664,75.2679491113315,75.1656251124887,75.0350961241495,74.8367294243611,74.695409044953,74.598379773693,74.6220579354424
