"","Jan","Feb","Mar","Apr","May","Jun","Jul","Aug","Sep","Oct","Nov","Dec"
"Superior",183.616349444774,183.574119936463,183.566560550252,183.605168789364,183.731179590687,183.8262500251,183.847201422135,183.849600379957,183.833725636,183.852676246221,183.779329941582,183.716228377676
"Michigan",176.500201946843,176.501523209171,176.566056099617,176.687073572165,176.808976351482,176.881983532931,176.990951579339,177.001830863586,176.936145217391,176.877737180047,176.849834940763,176.796490544565
"Huron",176.475763909711,176.483929938439,176.541174765862,176.669046239031,176.781907521938,176.872725584487,176.982725584487,176.994368194442,176.916742017128,176.858441758522,176.835042275734,176.780044155955
"Erie",174.626840667854,174.604769611039,174.650177239365,174.828887193067,175.022469155315,175.124701788066,175.115643192193,175.008399166019,174.844164586267,174.713462554474,174.649919014628,174.658171594868
"Ontario",74.9845641012482,75.0544536678518,75.1215549639699,75.2689641380331,75.3337043979914,75.268153015543,75.1657477308068,75.0352001485275,74.8368368675345,74.6954763702367,74.5984200805686,74.6223171365872
