"","Jan","Feb","Mar","Apr","May","Jun","Jul","Aug","Sep","Oct","Nov","Dec"
"Superior",183.616431703795,183.57402554952,183.566586185358,183.605203478311,183.731440318546,183.826306489762,183.847255510974,183.849643481418,183.834084797524,183.853042371587,183.779747474624,183.714751667031
"Michigan",176.50242863332,176.503134633235,176.565886095361,176.686966017493,176.808996507524,176.881996998041,176.990966354863,177.001838612382,176.936093544823,176.877660142283,176.849862895915,176.796826067434
"Huron",176.476246970981,176.484259298396,176.541102652196,176.668987861302,176.782024277397,176.87276470153,176.98276470153,176.994398478604,176.91694021483,176.858614546262,176.835265883398,176.779209777397
"Erie",174.626864867063,174.604626349811,174.65017442201,174.828892070132,175.022628940716,175.124751309789,175.115690720261,175.008436990926,174.8445054371,174.713807641253,174.650314709391,174.656712788391
"Ontario",74.9846006843062,75.0545729867944,75.1218042847718,75.2691839139309,75.3338209462576,75.268274228377,75.1658349654912,75.0352826481224,74.8369010601083,74.6955057288002,74.5984425695233,74.622638345673
