"","Jan","Feb","Mar","Apr","May","Jun","Jul","Aug","Sep","Oct","Nov","Dec"
"Superior",183.616274045294,183.574211801061,183.566521948322,183.605120540972,183.730873443374,183.826214041801,183.847166254397,183.849572732387,183.833413073975,183.852355729789,183.778966141079,183.71762938533
"Michigan",176.498102509107,176.50002518528,176.566380800347,176.687338199886,176.809125710027,176.881909940274,176.99090448549,177.001796388779,176.93618602752,176.877796796014,176.849813866015,176.796149842884
"Huron",176.475304316558,176.483616579471,176.541254558429,176.669110833014,176.781778333972,176.872728788299,176.982728788299,176.994370674812,176.916586424533,176.858306113695,176.834866735371,176.780837998672
"Erie",174.62681707269,174.604908554722,174.650181228392,174.828883258036,175.022307332774,175.124762839174,175.115700882674,175.008445564135,174.843886304953,174.713176913946,174.649595050039,174.659587410334
"Ontario",74.9842589641779,75.0540367867315,75.1210478447025,75.2685347789944,75.3335234527742,75.2679660460871,75.1656398618553,75.0351096348532,74.8367556579785,74.6954445522396,74.5984111474914,74.6220846570133
