"","Jan","Feb","Mar","Apr","May","Jun","Jul","Aug","Sep","Oct","Nov","Dec"
"Superior",183.616278997417,183.574216903249,183.566521734772,183.605120340769,183.730873196457,183.82622107719,183.847172471717,183.849577968025,183.833406322527,183.852347588337,183.778957999627,183.717636138225
"Michigan",176.498108480785,176.500031156958,176.566361884789,176.687317182599,176.809103641875,176.881849078073,176.990865104066,177.001767747743,176.936182324987,176.877792476393,176.849812014749,176.796150639108
"Huron",176.475304316558,176.483616579471,176.541254558429,176.669110833014,176.781778333972,176.872728788299,176.982728788299,176.994370674812,176.916586424533,176.858306113695,176.834866735371,176.780837998672
"Erie",174.62682748337,174.604919280877,174.650180707571,174.828882769766,175.022306730574,175.12479141523,175.115726135933,175.008466830037,174.843870624956,174.713158005715,174.649576141807,174.659601606716
"Ontario",74.9842895342581,75.0540650156515,75.1210735537935,75.2685584201812,75.3335276433605,75.2679476657754,75.1656257404057,75.0351066508197,74.8367573551074,74.6954370899904,74.598402380426,74.6220788743652
