"","Jan","Feb","Mar","Apr","May","Jun","Jul","Aug","Sep","Oct","Nov","Dec"
"Superior",183.616271720694,183.574209226417,183.566528888681,183.605128590996,183.730914939217,183.826309519633,183.847251941265,183.849644124008,183.833432534731,183.852380536235,183.778989919801,183.717624622435
"Michigan",176.49809377613,176.500017917066,176.566396938787,176.687363366438,176.809163081726,176.881888839832,176.990865540091,177.001753217799,176.936192074757,176.877807296893,176.849809873138,176.796143201167
"Huron",176.475306113734,176.483617804819,176.541248312646,176.669105776904,176.781788446192,176.872709630901,176.982709630901,176.994355843278,176.916564372876,176.858286889174,176.834841856578,176.780834894459
"Erie",174.626807687019,174.604896375756,174.650185756539,174.828886691864,175.022294974347,175.124736522579,175.115671454634,175.008424387043,174.843896647031,174.713191097307,174.649607919426,174.659552359013
"Ontario",74.9842259543349,75.0540223808166,75.1210397132399,75.2685223932724,75.3335143325389,75.2679769116888,75.1656459349345,75.0351027995412,74.8367530420475,74.6954609394177,74.5984302768261,74.6221069183448
