"","Jan","Feb","Mar","Apr","May","Jun","Jul","Aug","Sep","Oct","Nov","Dec"
"Superior",183.616270571896,183.574207579961,183.56652513707,183.60512401052,183.730887541745,183.826258507489,183.84720611125,183.849605968059,183.833416209643,183.852362460489,183.77897060809,183.717618950645
"Michigan",176.498101908098,176.500023763945,176.566408129422,176.68736899501,176.809157708298,176.881928573876,176.990900527417,177.001787063396,176.936192954418,176.877808349054,176.849809961142,176.796144484076
"Huron",176.475307877636,176.483619007479,176.541254374287,176.669110683947,176.781778632107,176.872701099388,176.982701099388,176.994349238236,176.916562824192,176.85828553904,176.834840109345,176.78083184772
"Erie",174.626811151491,174.604898686288,174.650181138243,174.828882119766,175.022284376739,175.124699977078,175.115638760596,175.008397087678,174.843876322414,174.713170627706,174.649584349534,174.659545917187
"Ontario",74.9841921457184,75.0539836794096,75.1210030517051,75.2684911175908,75.3335014559817,75.2679690307097,75.1656409974372,75.0350968727909,74.8367452988357,74.6954553627495,74.5984252512387,74.6220980712886
